run_id,arm,seed,max_steps,final_val_ppl,final_val_loss,best_val_ppl,train_wall_s,total_wall_s,peak_vram_gb,n_params,tokens_per_step,total_tokens,init_signature,disp_attn,disp_ffn,disp_other,steps_to_target,wall_to_target,target_ppl
baseline_seed0_s4000,baseline,0,4000,40.41456095745541,3.699190139770508,40.41456095745541,525.8730999000836,546.4971391000436,7.403567314147949,70426624,16384,65536000,6799.988806075241,1.0258574580818383,1.022579579116106,2.6280060325505827,2901.6965621160043,381.19312093896616,45.0
baseline_seed1_s4000,baseline,1,4000,40.29085595173188,3.6961245437463126,40.29085595173188,523.3352509001852,543.868905899988,7.403567314147949,70426624,16384,65536000,6850.074801985151,1.0297846548937666,1.018975157154713,2.538506104145294,2877.6357613578793,376.5523671180782,45.0
baseline_seed2_s4000,baseline,2,4000,40.62993320747474,3.7045050660769143,40.62993320747474,525.7023324000183,546.3279630999896,7.403567314147949,70426624,16384,65536000,6635.576062625224,1.023539554629143,1.01848442240811,2.5776161007383913,2936.051903684405,386.24299095386044,45.0
baseline_seed3_s4000,baseline,3,4000,40.37660014940852,3.698250412940979,40.37660014940852,520.9946107999422,541.4709525999497,7.403567314147949,70426624,16384,65536000,6513.146250783182,1.0201893971032094,1.0253485065677355,2.616741295022803,2890.591731409028,376.86087783663805,45.0
baseline_seed4_s4000,baseline,4,4000,40.37061449486992,3.6981021563212075,40.37061449486992,520.1501564002829,540.6128916000016,7.403567314147949,70426624,16384,65536000,6643.969101202566,1.0299078011363922,1.025231208728562,2.5920596179398503,2882.7086716237354,375.07699750440185,45.0
baseline_seed5_s4000,baseline,5,4000,41.171753921147136,3.717752436796824,41.171753921147136,522.0062551003648,542.5300037999405,7.403567314147949,70426624,16384,65536000,6574.019765125799,1.0204193961763341,1.0127408526730177,2.601391532976458,3003.2339451857483,393.007954077548,45.0
attn-first_seed0_s4000,attn-first,0,4000,41.43241582242612,3.7240635653336844,41.43241582242612,523.8423553999164,544.4154666000395,7.403567314147949,70426624,16384,65536000,6799.988806075241,1.1277071342867655,0.9715694002694281,2.6327065216014414,3061.3174648255513,401.88835269913227,45.0
attn-first_seed1_s4000,attn-first,1,4000,40.48753559881823,3.700994163751602,40.48753559881823,522.9483521000366,543.5127213000087,7.403567314147949,70426624,16384,65536000,6850.074801985151,1.1178849838711868,0.9692273778471282,2.606460615949024,2887.0819526807522,378.2518458027584,45.0
attn-first_seed2_s4000,attn-first,2,4000,42.93412095408495,3.7596668700377145,42.93412095408495,524.3536878998857,544.9675193000003,7.403567314147949,70426624,16384,65536000,6635.576062625224,1.1226754157806982,0.964424010847426,2.6752862040030796,3385.6370337610197,444.84775555107456,45.0
attn-first_seed3_s4000,attn-first,3,4000,41.31273446418644,3.721170792977015,41.31273446418644,521.8825235001277,542.3912757000071,7.403567314147949,70426624,16384,65536000,6513.146250783182,1.1153370681761252,0.963714279747103,2.6276882784326285,3030.229488962076,395.93187243825065,45.0
attn-first_seed4_s4000,attn-first,4,4000,41.602412404435285,3.728158156077067,41.602412404435285,523.5085291002179,544.0759530999931,7.403567314147949,70426624,16384,65536000,6643.969101202566,1.1237043145425483,0.9627453588818475,2.620094124263565,3064.422789422824,400.8873198934268,45.0
attn-first_seed5_s4000,attn-first,5,4000,42.029658535494335,3.7383755246798196,42.029658535494335,523.5896887005074,544.1868876999943,7.403567314147949,70426624,16384,65536000,6574.019765125799,1.1248753175229278,0.9707948613254437,2.580076983511684,3147.5061176607364,410.544213762678,45.0
attn-second_seed0_s4000,attn-second,0,4000,40.189819127648924,3.6936137080192566,40.189819127648924,523.5345187997445,544.1126371999853,7.403567314147949,70426624,16384,65536000,6799.988806075241,0.9861410244430511,1.290295952849785,2.6249280818693754,2751.35005262987,360.3526394177404,45.0
attn-second_seed1_s4000,attn-second,1,4000,40.04773188248962,3.6900720397631326,40.04773188248962,522.3416669999133,542.8838847000152,7.403567314147949,70426624,16384,65536000,6850.074801985151,0.9937410326322914,1.2844881003204172,2.563196836836091,2764.8456741803548,359.92142200577365,45.0
attn-second_seed2_s4000,attn-second,2,4000,40.09411725054506,3.6912296215693154,40.09411725054506,523.44807139982,544.0293682999909,7.403567314147949,70426624,16384,65536000,6635.576062625224,0.9875353148432381,1.2866134923051562,2.5973249968770094,2760.0987201239222,361.1669889696528,45.0
attn-second_seed3_s4000,attn-second,3,4000,39.96049036174859,3.6878912250200906,39.96049036174859,525.3342723000096,545.9639323999872,7.403567314147949,70426624,16384,65536000,6513.146250783182,1.0068476107551896,1.288969951860303,2.64064752780215,2762.7032653890974,364.0361317391574,45.0
attn-second_seed4_s4000,attn-second,4,4000,40.31538615929233,3.6967331866423288,40.31538615929233,524.1350242999615,544.7304626000114,7.403567314147949,70426624,16384,65536000,6643.969101202566,0.9955536460954436,1.286049273558762,2.614892643912671,2789.0942740230857,365.36572656111014,45.0
attn-second_seed5_s4000,attn-second,5,4000,40.35419459932217,3.697695344686508,40.35419459932217,523.3082794002257,543.8843850999838,7.403567314147949,70426624,16384,65536000,6574.019765125799,0.9983895737171247,1.276020267045769,2.568920174844539,2813.97000945368,367.2608220530725,45.0
attn-first-lrm_seed0_s4000,attn-first-lrm,0,4000,41.02653056196827,3.714218944311142,41.02653056196827,525.1493517002091,545.6683314000256,7.403567314147949,70426624,16384,65536000,6799.988806075241,1.0672161137127714,1.014631021230443,2.613587328602525,2993.0495282337956,393.86442315177055,45.0
attn-first-lrm_seed1_s4000,attn-first-lrm,1,4000,40.44799378788306,3.700017044941584,40.44799378788306,517.7681561005302,538.1415331999306,7.403567314147949,70426624,16384,65536000,6850.074801985151,1.0721784225608204,1.0119144030323897,2.6081773617308137,2889.146044961765,374.08767788620514,45.0
attn-first-lrm_seed2_s4000,attn-first-lrm,2,4000,41.30948459368558,3.7210921247800193,41.30948459368558,521.264300899813,541.7776983999647,7.403567314147949,70426624,16384,65536000,6635.576062625224,1.0616992852628837,1.0082399640986413,2.6244916680661055,3036.639062152995,393.2075363125105,45.0
attn-first-lrm_seed3_s4000,attn-first-lrm,3,4000,40.42770843854538,3.699515402317047,40.42770843854538,522.5856951001333,543.1221380999777,7.403567314147949,70426624,16384,65536000,6513.146250783182,1.0686361587743862,1.0153013531186916,2.6140411230594776,2883.8208879622944,378.3049459392938,45.0
attn-first-lrm_seed4_s4000,attn-first-lrm,4,4000,41.173399788666146,3.7177924116452536,41.173399788666146,517.2020889999112,537.5684130999725,7.403567314147949,70426624,16384,65536000,6643.969101202566,1.0745747835229753,1.0129549007228085,2.630897770589813,2991.6017236544694,386.89631744338516,45.0
attn-first-lrm_seed5_s4000,attn-first-lrm,5,4000,42.03700556767938,3.7385503153006234,42.03700556767938,516.9936001002789,537.3330505000195,7.403567314147949,70426624,16384,65536000,6574.019765125799,1.0699256720929915,1.010497383068171,2.5842991874406684,3163.018744563297,408.94705529399585,45.0
attn-second-lrm_seed0_s4000,attn-second-lrm,0,4000,40.28729225046421,3.696036090453466,40.28729225046421,531.9482023000019,552.8591977000469,7.403567314147949,70426624,16384,65536000,6799.988806075241,1.0181349577087664,1.1847667190305984,2.6226112999450213,2787.0828020586086,373.83159990155184,45.0
attn-second-lrm_seed1_s4000,attn-second-lrm,1,4000,40.02486906430939,3.6895009875297546,40.02486906430939,517.5912941998104,537.954481700086,7.403567314147949,70426624,16384,65536000,6850.074801985151,1.0343790780009583,1.1790483625415842,2.554109122260293,2758.4887259541924,357.2672492020021,45.0
attn-second-lrm_seed2_s4000,attn-second-lrm,2,4000,40.186139409028776,3.6935221453507743,40.186139409028776,532.007913399837,552.9220434000017,7.403567314147949,70426624,16384,65536000,6635.576062625224,1.0133676558438212,1.1814099283391701,2.5937549407429494,2783.2441294716396,370.42871847261034,45.0
attn-second-lrm_seed3_s4000,attn-second-lrm,3,4000,40.04854268550349,3.6900922854741416,40.04854268550349,518.1349636000814,538.5016091000289,7.403567314147949,70426624,16384,65536000,6513.146250783182,1.0226046939315279,1.1848341505814584,2.6461635705261672,2780.4252379762975,360.45329495207653,45.0
attn-second-lrm_seed4_s4000,attn-second-lrm,4,4000,40.25152182097071,3.6951478123664856,40.25152182097071,517.1376251999754,537.4827346999664,7.403567314147949,70426624,16384,65536000,6643.969101202566,1.0256640757406452,1.1792300945673806,2.6242124750431906,2795.608859409515,361.6222370629005,45.0
attn-second-lrm_seed5_s4000,attn-second-lrm,5,4000,40.47580932791303,3.700704495112101,40.47580932791303,522.4169271999272,542.9789101000642,7.403567314147949,70426624,16384,65536000,6574.019765125799,1.0196633048767316,1.1712199041587763,2.574557245504727,2824.6735262575094,369.0646184089185,45.0
alternating_seed0_s4000,alternating,0,4000,40.401323835788396,3.6988625526428223,40.401323835788396,526.4546719999053,547.1566347000189,7.403567314147949,70426624,16384,65536000,6799.988806075241,1.0492168119601657,1.0716758547559122,2.635340883926559,2876.7448256512785,379.45356140439094,45.0
alternating_seed1_s4000,alternating,1,4000,40.27149112988442,3.6956438024838767,40.27149112988442,525.7646554007661,546.4622538000112,7.403567314147949,70426624,16384,65536000,6850.074801985151,1.0477898257448597,1.0741759274080158,2.5683854421579797,2854.0928071740486,374.96435539927427,45.0
alternating_seed2_s4000,alternating,2,4000,41.29185012285763,3.7206651469071708,41.29185012285763,538.7095377999358,559.788292100071,7.403567314147949,70426624,16384,65536000,6635.576062625224,1.0436625977946854,1.0658768172371114,2.6135699721866676,3011.5093037697634,401.4303531707844,45.0
attn-freeze_seed0_s4000,attn-freeze,0,4000,54.06052585208439,3.9901042679945626,54.06052585208439,502.55347970023286,523.0344238000689,7.403567314147949,70426624,16384,65536000,6799.988806075241,0.5302139431387044,0.9756547016423918,2.6947618199737873,,,45.0
attn-freeze_seed1_s4000,attn-freeze,1,4000,53.29003343718047,3.9757493237654367,53.29003343718047,504.61844080023,525.1901812000433,7.403567314147949,70426624,16384,65536000,6850.074801985151,0.5403318601433644,0.9741926032369986,2.623931756275501,,,45.0
attn-freeze_seed2_s4000,attn-freeze,2,4000,54.368890294467015,3.995792120695114,54.368890294467015,528.3426110995933,549.7945520000067,7.403567314147949,70426624,16384,65536000,6635.576062625224,0.5359777882431834,0.9707892010757255,2.6452011840650806,,,45.0
