arm,metric,baseline_mean,arm_mean,mean_diff,rel_pct,p,n_seeds,n_worse,min_p
attn-first,steps_to_target,2915.3197625628,3096.03247455216,180.71271198935992,6.198726956472825,0.03125,6,6,0.03125
attn-first,wall_to_target,381.4890514049155,405.3918933578868,23.90284195297133,6.265669188917465,0.03125,6,6,0.03125
attn-first,final_val_ppl,40.5423864470146,41.63314629657423,1.0907598495596282,2.6904184611459927,0.03125,6,6,0.03125
attn-first,train_wall_s,523.0102842501461,523.3541894501153,0.3439051999691098,0.06575495938139184,0.71875,6,3,0.03125
attn-first,peak_vram_gb,7.403567314147949,7.403567314147949,0.0,0.0,1.0,6,0,0.03125
attn-second,steps_to_target,2915.3197625628,2773.6769993000016,-141.64276326279833,-4.858566977170387,0.03125,6,0,0.03125
attn-second,wall_to_target,381.4890514049155,363.01728845775114,-18.471762947164308,-4.842016534717864,0.03125,6,0,0.03125
attn-second,final_val_ppl,40.5423864470146,40.160289896841114,-0.3820965501734837,-0.9424619112465255,0.03125,6,0,0.03125
attn-second,train_wall_s,523.0102842501461,523.6836388666125,0.6733546164662888,0.1287459609769879,0.59375,6,3,0.03125
attn-second,peak_vram_gb,7.403567314147949,7.403567314147949,0.0,0.0,1.0,6,0,0.03125
attn-first-lrm,steps_to_target,2915.3197625628,2992.8793319214365,77.55956935863598,2.6604138027883235,0.0625,6,5,0.03125
attn-first-lrm,wall_to_target,381.4890514049155,389.2179926711935,7.728941266278052,2.0259929447030065,0.09375,6,5,0.03125
attn-first-lrm,final_val_ppl,40.5423864470146,41.070353789737965,0.5279673427233694,1.3022601504067166,0.03125,6,6,0.03125
attn-first-lrm,train_wall_s,523.0102842501461,520.160532150146,-2.8497521000002357,-0.5448749643777896,0.09375,6,1,0.03125
attn-first-lrm,peak_vram_gb,7.403567314147949,7.403567314147949,0.0,0.0,1.0,6,0,0.03125
attn-second-lrm,steps_to_target,2915.3197625628,2788.25388018796,-127.06588237483963,-4.358557301554422,0.03125,6,0,0.03125
attn-second-lrm,wall_to_target,381.4890514049155,365.4446196666766,-16.044431738238814,-4.205738455442377,0.03125,6,0,0.03125
attn-second-lrm,final_val_ppl,40.5423864470146,40.21236242636493,-0.33002402064966435,-0.8140221865848465,0.03125,6,0,0.03125
attn-second-lrm,train_wall_s,523.0102842501461,523.2061543166055,0.1958700664593683,0.037450519111728434,0.84375,6,3,0.03125
attn-second-lrm,peak_vram_gb,7.403567314147949,7.403567314147949,0.0,0.0,1.0,6,0,0.03125
alternating,steps_to_target,2905.1280757194295,2914.1156455316973,8.987569812267338,0.3093691423584518,1.0,3,1,0.25
alternating,wall_to_target,381.329493003635,385.2827566581498,3.953263654514918,1.0367054547436114,1.0,3,1,0.25
alternating,final_val_ppl,40.44511670555401,40.65488836284348,0.20977165728947256,0.5186575645624637,1.0,3,1,0.25
alternating,train_wall_s,524.970227733429,530.3096217335357,5.339394000106647,1.017085106551578,0.25,3,3,0.25
alternating,peak_vram_gb,7.403567314147949,7.403567314147949,0.0,0.0,1.0,3,0,0.25
attn-freeze,steps_to_target,2905.1280757194295,,,,,0,0,
attn-freeze,wall_to_target,381.329493003635,,,,,0,0,
attn-freeze,final_val_ppl,40.44511670555401,53.906483194577284,13.461366489023282,33.283045236397435,0.25,3,3,0.25
attn-freeze,train_wall_s,524.970227733429,511.8381772000187,-13.132050533410316,-2.501484815645311,0.5,3,1,0.25
attn-freeze,peak_vram_gb,7.403567314147949,7.403567314147949,0.0,0.0,1.0,3,0,0.25
attn-first_vs_attn-second,steps_to_target,2773.6769993000016,3096.03247455216,322.3554752521582,,0.03125,6,6,0.03125
attn-first_vs_attn-second,wall_to_target,363.01728845775114,405.3918933578868,42.37460490013564,,0.03125,6,6,0.03125
attn-first_vs_attn-second,final_val_ppl,40.160289896841114,41.63314629657423,1.4728563997331119,,0.03125,6,6,0.03125
attn-first_vs_attn-second,train_wall_s,523.6836388666125,523.3541894501153,-0.329449416497179,,0.84375,6,4,0.03125
attn-first_vs_attn-second,peak_vram_gb,7.403567314147949,7.403567314147949,0.0,,1.0,6,0,0.03125
attn-first-lrm_vs_attn-second-lrm,steps_to_target,2788.25388018796,2992.8793319214365,204.62545173347561,,0.03125,6,6,0.03125
attn-first-lrm_vs_attn-second-lrm,wall_to_target,365.4446196666766,389.2179926711935,23.773373004516866,,0.03125,6,6,0.03125
attn-first-lrm_vs_attn-second-lrm,final_val_ppl,40.21236242636493,41.070353789737965,0.8579913633730337,,0.03125,6,6,0.03125
attn-first-lrm_vs_attn-second-lrm,train_wall_s,523.2061543166055,520.160532150146,-3.0456221664596037,,0.25,6,3,0.03125
attn-first-lrm_vs_attn-second-lrm,peak_vram_gb,7.403567314147949,7.403567314147949,0.0,,1.0,6,0,0.03125
