model,layer,matrix,group,role,cos_init,cos_pre_final,p_pre_final,t50,t50_last_interval,t90,t90_last_interval,t99,t99_last_interval,t_star@tau=0.02,t_star@tau=0.05,t_star@tau=0.1,t_star@tau=0.2,t_star@tau=0.4,t_star@tau=0.8,t_star@tau=1.6
EleutherAI/pythia-70m,-1,embed_in,embed,context,0.013932004746839312,0.9833452663647562,0.9831099541650259,9658.91645771068,False,86248.15987943613,False,138813.1874477012,True,,48000.0,24000.0,12000.0,4000.0,2000.0,1.0
EleutherAI/pythia-70m,-1,embed_out,embed,context,0.0034996958406011435,0.9992893575032491,0.9992868617352308,78840.65656695412,False,101160.31971197997,False,123294.7012036747,False,128000.0,32000.0,12000.0,6000.0,3000.0,2000.0,1000.0
EleutherAI/pythia-70m,0,attn_out,attn,routing,0.06432112058877297,0.9921198085283962,0.9915781026525319,12435.94854240142,False,60855.30740938134,False,129483.73435028615,False,64000.0,24000.0,12000.0,8000.0,4000.0,2000.0,1.0
EleutherAI/pythia-70m,0,ffn_down,ffn,memory,0.17660813884325896,0.9949518231474033,0.9938690469365355,21858.15153179008,False,73868.23969820586,False,124439.72499157865,False,80000.0,24000.0,12000.0,6000.0,3000.0,256.0,1.0
EleutherAI/pythia-70m,0,ffn_up,ffn,memory,0.25442077455528517,0.995621520246617,0.9941274118095693,21268.839397269276,False,72146.80145512645,False,123043.87265282279,False,80000.0,24000.0,12000.0,6000.0,512.0,256.0,1.0
EleutherAI/pythia-70m,0,k,attn,routing,0.10759495369387213,0.99593700115452,0.995447135957721,10029.77060832176,False,50031.66725573186,False,109737.33572217428,False,64000.0,24000.0,12000.0,8000.0,4000.0,256.0,1.0
EleutherAI/pythia-70m,0,q,attn,routing,0.08917043297582272,0.9957073169500854,0.9952870622492694,9757.859841201875,False,50006.30362341262,False,109878.303885121,False,64000.0,24000.0,12000.0,8000.0,4000.0,512.0,1.0
EleutherAI/pythia-70m,0,v,attn,routing,0.14296811838713275,0.9922343292672385,0.9909388776539585,14541.071315330924,False,61641.25914338054,False,133032.25772800882,False,64000.0,24000.0,12000.0,8000.0,4000.0,1.0,1.0
EleutherAI/pythia-70m,1,attn_out,attn,routing,0.12984755360039468,0.9926066485999724,0.991503383767281,8250.371184735413,False,65665.29589784461,False,130579.47536984416,False,64000.0,24000.0,12000.0,6000.0,3000.0,2000.0,1.0
EleutherAI/pythia-70m,1,ffn_down,ffn,memory,0.07805020050588866,0.9904241551067328,0.9896134855720873,17153.10658921627,False,75252.10480560471,False,136254.24674834247,True,,32000.0,16000.0,8000.0,4000.0,256.0,1.0
EleutherAI/pythia-70m,1,ffn_up,ffn,memory,0.1665587377085812,0.9943114804806803,0.993174660557754,15809.963562978044,False,68277.41147072062,False,125180.5013171517,False,64000.0,24000.0,12000.0,6000.0,256.0,1.0,1.0
EleutherAI/pythia-70m,1,k,attn,routing,0.0967192546976049,0.9949031752924874,0.9943574301400605,11372.7135721639,False,62517.30428898467,False,121416.98907140436,False,64000.0,24000.0,12000.0,6000.0,4000.0,256.0,1.0
EleutherAI/pythia-70m,1,q,attn,routing,0.07673950125655596,0.9948217644979993,0.9943913602823443,10571.226306993696,False,62124.01237595303,False,121217.35737613366,False,64000.0,24000.0,12000.0,6000.0,4000.0,1000.0,1.0
EleutherAI/pythia-70m,1,v,attn,routing,0.19346954695556917,0.9936979189599917,0.9921861834017404,13110.912764539284,False,68414.6752473029,False,129250.58806051739,False,64000.0,24000.0,12000.0,6000.0,3000.0,1.0,1.0
EleutherAI/pythia-70m,2,attn_out,attn,routing,0.14643306152153734,0.9950403659252542,0.994189519471571,6047.3491998198115,False,67912.14004814056,False,117329.19710110813,False,48000.0,16000.0,12000.0,6000.0,3000.0,2000.0,1.0
EleutherAI/pythia-70m,2,ffn_down,ffn,memory,0.07857777072482915,0.9910754675742001,0.9903143942665561,18619.424352653456,False,82599.91037130107,False,135458.20289190495,False,112000.0,24000.0,12000.0,6000.0,4000.0,256.0,1.0
EleutherAI/pythia-70m,2,ffn_up,ffn,memory,0.15934442437478813,0.9943734179830255,0.9933069116757083,15436.322929023763,False,73187.58209010176,False,126646.09933519331,False,64000.0,24000.0,12000.0,6000.0,3000.0,1.0,1.0
EleutherAI/pythia-70m,2,k,attn,routing,0.06180079945494113,0.9912180778081351,0.990639597446093,12474.452159666662,False,74893.88216413595,False,134911.95742623607,False,96000.0,24000.0,12000.0,8000.0,4000.0,512.0,1.0
EleutherAI/pythia-70m,2,q,attn,routing,0.05818843213170188,0.9910037902588714,0.9904479727696687,11229.600349560686,False,74765.20244683676,False,135235.3297417974,False,112000.0,24000.0,12000.0,8000.0,4000.0,1000.0,1.0
EleutherAI/pythia-70m,2,v,attn,routing,0.16700716940631474,0.994101945572415,0.9929194415462445,10899.366099095376,False,73393.96099185741,False,128118.40936182358,False,48000.0,24000.0,12000.0,6000.0,3000.0,1.0,1.0
EleutherAI/pythia-70m,3,attn_out,attn,routing,0.09688399938628331,0.9970993304676659,0.996788153978714,21127.91647638789,False,86216.26497195005,False,116348.86244538565,False,112000.0,24000.0,12000.0,6000.0,3000.0,2000.0,1.0
EleutherAI/pythia-70m,3,ffn_down,ffn,memory,0.06705749896385671,0.9954095315518405,0.9950795805271426,23421.108631362356,False,87452.55528245505,False,124686.3806813274,False,112000.0,24000.0,12000.0,6000.0,4000.0,2000.0,1.0
EleutherAI/pythia-70m,3,ffn_up,ffn,memory,0.14394734933949055,0.9952701219576078,0.9944747813820362,17420.54152119642,False,79202.62533023534,False,122858.89497499028,False,96000.0,24000.0,12000.0,6000.0,3000.0,1.0,1.0
EleutherAI/pythia-70m,3,k,attn,routing,0.0812989131886369,0.9937648482322775,0.9932130789239003,21046.76036059197,False,83140.72053824703,False,128998.2761556707,False,112000.0,24000.0,12000.0,6000.0,3000.0,2000.0,1.0
EleutherAI/pythia-70m,3,q,attn,routing,0.052378755417286225,0.9996017879518714,0.9995797772038094,47567.11170448554,False,74375.01727762105,False,95765.02347975226,False,96000.0,24000.0,12000.0,6000.0,4000.0,2000.0,1.0
EleutherAI/pythia-70m,3,v,attn,routing,0.16063771301627452,0.9960329095099947,0.9952736850910273,25468.307675419856,False,86838.91801208263,False,123072.38901545343,False,112000.0,24000.0,12000.0,6000.0,3000.0,1.0,1.0
EleutherAI/pythia-70m,4,attn_out,attn,routing,0.08400480586609213,0.9926161486321992,0.9919389845972125,12309.029445559927,False,88582.97621246839,False,130136.48960434085,False,112000.0,96000.0,12000.0,6000.0,4000.0,2000.0,1.0
EleutherAI/pythia-70m,4,ffn_down,ffn,memory,0.07620968309530331,0.9979956613364659,0.9978303099438758,18259.985910668845,False,79699.54873690658,False,115778.96358921894,False,96000.0,24000.0,12000.0,6000.0,4000.0,512.0,1.0
EleutherAI/pythia-70m,4,ffn_up,ffn,memory,0.14917171302468066,0.99662360942197,0.9960316427759719,15050.033107015344,False,77882.65532343485,False,116606.69415718898,False,96000.0,24000.0,12000.0,6000.0,3000.0,1.0,1.0
EleutherAI/pythia-70m,4,k,attn,routing,0.03074608439155252,0.99764420760945,0.9975694785921306,45457.133543910306,False,87922.51836779653,False,117611.3752838802,False,112000.0,24000.0,16000.0,8000.0,4000.0,2000.0,1.0
EleutherAI/pythia-70m,4,q,attn,routing,0.0259801889982122,0.9997446235944539,0.9997378118969849,53107.45293925597,False,80476.15033398345,False,109210.35423559656,False,96000.0,80000.0,16000.0,8000.0,4000.0,2000.0,1.0
EleutherAI/pythia-70m,4,v,attn,routing,0.1396965053177226,0.9956253293650748,0.9949149681909223,15896.64568308884,False,87585.80240913674,False,123796.19863707328,False,112000.0,24000.0,12000.0,6000.0,3000.0,1.0,1.0
EleutherAI/pythia-70m,5,attn_out,attn,routing,0.08181438528007157,0.9951366418952694,0.9947032952512453,20372.7698265713,False,84453.35808065005,False,121530.6556048705,False,112000.0,24000.0,12000.0,6000.0,4000.0,2000.0,1.0
EleutherAI/pythia-70m,5,ffn_down,ffn,memory,0.06501496289995039,0.9986514739480522,0.9985577030653572,16720.608871956094,False,82441.11750197274,False,114826.97355770772,False,80000.0,24000.0,12000.0,6000.0,4000.0,512.0,1.0
EleutherAI/pythia-70m,5,ffn_up,ffn,memory,0.12038450969004526,0.9978510953717414,0.9975569954679869,13858.851092074128,False,76540.6876604005,False,115315.7413238704,False,64000.0,24000.0,12000.0,6000.0,3000.0,1.0,1.0
EleutherAI/pythia-70m,5,k,attn,routing,0.0322438619526833,0.9985288975428296,0.9984798831024341,33163.48761815649,False,84721.3515198624,False,117623.18216389618,False,96000.0,48000.0,12000.0,8000.0,4000.0,512.0,1.0
EleutherAI/pythia-70m,5,q,attn,routing,0.03932256023347137,0.9994664178724035,0.9994445772259151,24988.633369652056,False,78035.0946779777,False,111491.39398891375,False,80000.0,48000.0,12000.0,6000.0,4000.0,1000.0,1.0
EleutherAI/pythia-70m,5,v,attn,routing,0.13222056331129392,0.9970966492016904,0.9966542756413025,25264.534745041394,False,83326.893109055,False,118609.35421055117,False,112000.0,24000.0,12000.0,6000.0,3000.0,1.0,1.0
